구분,틀,스위트,분류,ID,변형,적,반복 수,시드,승률,기준선 승률(동일시드),기준선 평균승률,기준선 SD(pp),Δpp,사용/판,Δpp÷사용/판,조건문,조건 판정/판,조건 충족률,조건 거짓 폴백,포화,다이얼 판정,스윕 폭(pp),2σ(pp),평균 턴,받은 피해/판,교환 승률,오류
기준선,standard-dosa,baseline,,,기준선(시드 평균),보스,600×3,914/915/916,0.4638888888888889,0.4716666666666667,0.4638888888888889,1.493814406638751,,,,always,,1.0,,,,,2.987628813277502,10.914444444444444,538.5811111111111,,
후보,standard-dosa,effects,도사림,CM-S01,방어도 12,보스,600,914,0.4716666666666667,0.4716666666666667,0.4638888888888889,1.493814406638751,0.0,10.85,0.0,always,10.85,1.0,PASS,,,40.5,2.987628813277502,10.85,535.8433333333334,0.0,
후보,standard-dosa,effects,도사림,CM-S01,방어도 16,보스,600,914,0.5566666666666666,0.4716666666666667,0.4638888888888889,1.493814406638751,8.499999999999996,11.401666666666667,0.7455050431223502,always,11.401666666666667,1.0,PASS,,,40.5,2.987628813277502,11.401666666666667,511.625,0.0,
후보,standard-dosa,effects,도사림,CM-S01,방어도 20,보스,600,914,0.6416666666666667,0.4716666666666667,0.4638888888888889,1.493814406638751,17.000000000000004,11.926666666666666,1.4253773057574068,always,11.926666666666666,1.0,PASS,,,40.5,2.987628813277502,11.926666666666666,480.3833333333333,0.0,
후보,standard-dosa,effects,도사림,CM-S01,방어도 24,보스,600,914,0.7516666666666667,0.4716666666666667,0.4638888888888889,1.493814406638751,28.000000000000004,12.255,2.284781721746226,always,12.255,1.0,PASS,,,40.5,2.987628813277502,12.255,439.90833333333336,0.0,
후보,standard-dosa,effects,도사림,CM-S01,방어도 8,보스,600,914,0.3466666666666667,0.4716666666666667,0.4638888888888889,1.493814406638751,-12.5,10.203333333333333,-1.2250898399215944,always,10.203333333333333,1.0,PASS,,,40.5,2.987628813277502,10.203333333333333,564.27,0.0,
후보,standard-dosa,effects,도사림,CM-S02,판정 1,보스,600,914,0.2833333333333333,0.4716666666666667,0.4638888888888889,1.493814406638751,-18.833333333333336,10.575,-1.7809298660362494,always,10.575,1.0,PASS,,,62.5,2.987628813277502,10.575,577.1716666666666,0.0,
후보,standard-dosa,effects,도사림,CM-S02,판정 2,보스,600,914,0.66,0.4716666666666667,0.4638888888888889,1.493814406638751,18.833333333333336,12.563333333333333,1.499071371716636,always,12.563333333333333,1.0,PASS,,,62.5,2.987628813277502,12.563333333333333,490.06,0.0,
후보,standard-dosa,effects,도사림,CM-S02,판정 3,보스,600,914,0.9083333333333333,0.4716666666666667,0.4638888888888889,1.493814406638751,43.666666666666664,12.998333333333333,3.3594050519297345,always,12.998333333333333,1.0,PASS,,,62.5,2.987628813277502,12.998333333333333,380.51166666666666,0.0,
기준선,standard-dosa,baseline,,,기준선(시드 평균),잡몹3,600×3,914/915/916,0.7005555555555556,0.7083333333333334,0.7005555555555556,0.9477067838462262,,,,always,,1.0,,,,,1.8954135676924524,5.736666666666667,425.71777777777777,,
후보,standard-dosa,effects,도사림,CM-S01,방어도 12,잡몹3,600,914,0.7083333333333334,0.7083333333333334,0.7005555555555556,0.9477067838462262,0.0,5.746666666666667,0.0,always,5.746666666666667,1.0,PASS,,,13.500000000000002,1.8954135676924524,5.746666666666667,425.80833333333334,0.0,
후보,standard-dosa,effects,도사림,CM-S01,방어도 16,잡몹3,600,914,0.7233333333333334,0.7083333333333334,0.7005555555555556,0.9477067838462262,1.5000000000000013,5.801666666666667,0.2585463947141628,always,5.801666666666667,1.0,PASS,,,13.500000000000002,1.8954135676924524,5.801666666666667,411.12,0.0,
후보,standard-dosa,effects,도사림,CM-S01,방어도 20,잡몹3,600,914,0.7616666666666667,0.7083333333333334,0.7005555555555556,0.9477067838462262,5.333333333333334,5.863333333333333,0.9096077316657193,always,5.863333333333333,1.0,PASS,,,13.500000000000002,1.8954135676924524,5.863333333333333,393.11833333333334,0.0,
후보,standard-dosa,effects,도사림,CM-S01,방어도 24,잡몹3,600,914,0.8,0.7083333333333334,0.7005555555555556,0.9477067838462262,9.166666666666668,5.891666666666667,1.555869872701556,always,5.891666666666667,1.0,PASS,,,13.500000000000002,1.8954135676924524,5.891666666666667,369.395,0.0,
후보,standard-dosa,effects,도사림,CM-S01,방어도 8,잡몹3,600,914,0.665,0.7083333333333334,0.7005555555555556,0.9477067838462262,-4.333333333333334,5.753333333333333,-0.753186558516802,always,5.753333333333333,1.0,PASS,,,13.500000000000002,1.8954135676924524,5.753333333333333,449.68,0.0,
후보,standard-dosa,effects,도사림,CM-S02,판정 1,잡몹3,600,914,0.85,0.7083333333333334,0.7005555555555556,0.9477067838462262,14.16666666666666,5.22,2.7139208173690923,always,5.351666666666667,1.0,PASS,,판정 불가(포화),,1.8954135676924524,5.351666666666667,384.51666666666665,0.0,
후보,standard-dosa,effects,도사림,CM-S02,판정 2,잡몹3,600,914,0.9566666666666667,0.7083333333333334,0.7005555555555556,0.9477067838462262,,4.911666666666667,,always,4.971666666666667,1.0,PASS,천장,판정 불가(포화),,1.8954135676924524,4.971666666666667,300.39666666666665,0.0,
후보,standard-dosa,effects,도사림,CM-S02,판정 3,잡몹3,600,914,0.995,0.7083333333333334,0.7005555555555556,0.9477067838462262,,4.506666666666667,,always,4.56,1.0,PASS,천장,판정 불가(포화),,1.8954135676924524,4.56,229.12,0.0,
기준선,standard-dosa,baseline,,,기준선(시드 평균),잡몹4,600×3,914/915/916,0.125,0.125,0.125,1.0000000000000002,,,,always,,1.0,,,,,2.0000000000000004,4.937777777777778,596.1988888888889,,
후보,standard-dosa,effects,도사림,CM-S01,방어도 12,잡몹4,600,914,0.125,0.125,0.125,1.0000000000000002,0.0,4.906666666666666,0.0,always,4.906666666666666,1.0,PASS,,,6.666666666666665,2.0000000000000004,4.906666666666666,596.66,0.0,
후보,standard-dosa,effects,도사림,CM-S01,방어도 16,잡몹4,600,914,0.14666666666666667,0.125,0.125,1.0000000000000002,2.166666666666667,4.9366666666666665,0.4388926401080352,always,4.9366666666666665,1.0,PASS,,,6.666666666666665,2.0000000000000004,4.9366666666666665,591.9566666666667,0.0,
후보,standard-dosa,effects,도사림,CM-S01,방어도 20,잡몹4,600,914,0.17666666666666667,0.125,0.125,1.0000000000000002,5.166666666666667,5.071666666666666,1.0187315149523497,always,5.071666666666666,1.0,PASS,,,6.666666666666665,2.0000000000000004,5.071666666666666,584.7633333333333,0.0,
후보,standard-dosa,effects,도사림,CM-S01,방어도 24,잡몹4,600,914,0.18333333333333332,0.125,0.125,1.0000000000000002,5.833333333333332,5.218333333333334,1.1178537208559562,always,5.218333333333334,1.0,PASS,,,6.666666666666665,2.0000000000000004,5.218333333333334,578.615,0.0,
후보,standard-dosa,effects,도사림,CM-S01,방어도 8,잡몹4,600,914,0.11666666666666667,0.125,0.125,1.0000000000000002,-0.8333333333333331,4.823333333333333,-0.17277125086385622,always,4.823333333333333,1.0,PASS,,,6.666666666666665,2.0000000000000004,4.823333333333333,598.0566666666666,0.0,
후보,standard-dosa,effects,도사림,CM-S02,판정 1,잡몹4,600,914,0.25833333333333336,0.125,0.125,1.0000000000000002,13.333333333333336,4.615,2.8891296496930305,always,5.083333333333333,1.0,PASS,,,41.0,2.0000000000000004,5.083333333333333,575.7016666666667,0.0,
후보,standard-dosa,effects,도사림,CM-S02,판정 2,잡몹4,600,914,0.39,0.125,0.125,1.0000000000000002,26.5,4.998333333333333,5.301767255751917,always,5.365,1.0,PASS,,,41.0,2.0000000000000004,5.365,542.61,0.0,
후보,standard-dosa,effects,도사림,CM-S02,판정 3,잡몹4,600,914,0.6683333333333333,0.125,0.125,1.0000000000000002,54.333333333333336,5.4383333333333335,9.990806006742261,always,5.721666666666667,1.0,PASS,,,41.0,2.0000000000000004,5.721666666666667,474.54333333333335,0.0,
