무기,적,틀,ID,변형,보정체력,기준,승률,Δpp(틀 기준),빈카드 승률(같은 빛),Δ효과,사용/판,Δ효과÷사용,대역(Δ효과 ±5),은신 켜짐
백우,보스,std,YJ-D12,공명 0/0/0,74,0.476,0.479,+0.3,0.479,+0.0,8.99,+0.00,안,0.00
백우,보스,std,YJ-D12,공명 10/1/5,74,0.476,0.471,-0.5,0.479,-0.8,8.99,-0.09,안,0.00
백우,보스,std,YJ-D12,공명 20/1/10,74,0.476,0.421,-5.5,0.479,-5.8,8.91,-0.65,아래,0.00
백우,보스,std,YJ-D12,공명 40/2/20,74,0.476,0.441,-3.5,0.479,-3.8,8.93,-0.43,안,0.00
백우,보스,std,YJ-D15,앞당기기 감1 표식6,90,0.265,0.278,+1.3,0.474,-19.6,6.95,-2.82,아래,0.00
백우,보스,std,YJ-D15,앞당기기 감1 표식12,90,0.265,0.299,+3.4,0.474,-17.5,6.94,-2.52,아래,0.00
백우,보스,std,YJ-D15,앞당기기 감2 표식20,90,0.265,0.387,+12.2,0.474,-8.7,7.17,-1.21,아래,0.00
적설,보스,std,YJ-D12,공명 0/0/0,51,0.451,0.468,+1.7,0.468,+0.0,8.44,+0.00,안,0.00
적설,보스,std,YJ-D12,공명 10/1/5,51,0.451,0.669,+21.8,0.468,+20.1,8.43,+2.38,위,0.00
적설,보스,std,YJ-D12,공명 20/1/10,51,0.451,0.669,+21.8,0.468,+20.1,8.43,+2.38,위,0.00
적설,보스,std,YJ-D12,공명 40/2/20,51,0.451,0.864,+41.3,0.468,+39.6,8.45,+4.69,위,0.00
적설,보스,std,YJ-D15,앞당기기 감1 표식6,42,0.730,0.472,-25.8,0.451,+2.1,5.61,+0.37,안,0.00
적설,보스,std,YJ-D15,앞당기기 감1 표식12,42,0.730,0.474,-25.6,0.451,+2.3,5.58,+0.41,안,0.00
적설,보스,std,YJ-D15,앞당기기 감2 표식20,42,0.730,0.483,-24.7,0.451,+3.2,5.66,+0.57,안,0.00
낙일,보스,std,YJ-D12,공명 0/0/0,56,0.535,0.535,+0.0,0.535,+0.0,6.93,+0.00,안,0.00
낙일,보스,std,YJ-D12,공명 10/1/5,56,0.535,0.574,+3.9,0.535,+3.9,7.15,+0.55,안,0.00
낙일,보스,std,YJ-D12,공명 20/1/10,56,0.535,0.569,+3.4,0.535,+3.4,7.10,+0.48,안,0.00
낙일,보스,std,YJ-D12,공명 40/2/20,56,0.535,0.556,+2.1,0.535,+2.1,6.93,+0.30,안,0.00
낙일,보스,std,YJ-D15,앞당기기 감1 표식6,61,0.355,0.582,+22.7,0.536,+4.6,5.56,+0.83,안,0.00
낙일,보스,std,YJ-D15,앞당기기 감1 표식12,61,0.355,0.582,+22.7,0.536,+4.6,5.56,+0.83,안,0.00
낙일,보스,std,YJ-D15,앞당기기 감2 표식20,61,0.355,0.542,+18.7,0.536,+0.6,5.28,+0.11,안,0.00
