무기,적,틀,ID,변형,보정체력,기준,승률,Δpp(틀 기준),빈카드 승률(같은 빛),Δ효과,사용/판,Δ효과÷사용,대역(Δ효과 ±5),은신 켜짐,조건문,조건 충족률
백우,보스,stealth,YJ-B11,은신보상 평타 위력 백우1 적설1 낙일1,79,0.542,0.525,-1.7,0.542,-1.7,9.20,-0.19,안,0.67,,
백우,보스,stealth,YJ-B11,은신보상 평타 위력 백우1 적설1 낙일2,79,0.542,0.525,-1.7,0.542,-1.7,9.20,-0.19,안,0.67,,
백우,보스,stealth,YJ-B11,은신보상 평타 위력 백우1 적설1 낙일3,79,0.542,0.525,-1.7,0.542,-1.7,9.20,-0.19,안,0.67,,
백우,보스,std,YJ-S06,숨을 죽이다 방어도 12 도배,74,0.522,0.212,-31.0,0.522,-31.0,7.75,-4.00,아래,0.00,always,1.000
백우,보스,std,YJ-S06,숨을 죽이다 방어도 12 실전,74,0.522,0.350,-17.2,0.522,-17.2,4.06,-4.25,아래,0.00,sense>=1&&hp_ratio<0.7,0.494
적설,보스,stealth,YJ-B11,은신보상 평타 위력 백우1 적설1 낙일1,49,0.530,0.555,+2.5,0.530,+2.5,8.24,+0.30,안,0.70,,
적설,보스,stealth,YJ-B11,은신보상 평타 위력 백우1 적설1 낙일2,49,0.530,0.555,+2.5,0.530,+2.5,8.24,+0.30,안,0.70,,
적설,보스,stealth,YJ-B11,은신보상 평타 위력 백우1 적설1 낙일3,49,0.530,0.555,+2.5,0.530,+2.5,8.24,+0.30,안,0.70,,
적설,보스,std,YJ-S06,숨을 죽이다 방어도 12 도배,49,0.540,0.463,-7.8,0.540,-7.8,8.41,-0.92,아래,0.00,always,1.000
적설,보스,std,YJ-S06,숨을 죽이다 방어도 12 실전,49,0.540,0.540,+0.0,0.540,+0.0,4.54,+0.00,안,0.00,sense>=1&&hp_ratio<0.7,0.533
낙일,보스,stealth,YJ-B11,은신보상 평타 위력 백우1 적설1 낙일1,45,0.517,0.613,+9.5,0.517,+9.5,9.04,+1.05,위,0.49,,
낙일,보스,stealth,YJ-B11,은신보상 평타 위력 백우1 적설1 낙일2,45,0.517,0.642,+12.5,0.517,+12.5,9.13,+1.37,위,0.50,,
낙일,보스,stealth,YJ-B11,은신보상 평타 위력 백우1 적설1 낙일3,45,0.517,0.710,+19.2,0.517,+19.2,9.41,+2.05,위,0.48,,
낙일,보스,std,YJ-S06,숨을 죽이다 방어도 12 도배,56,0.525,0.598,+7.3,0.525,+7.3,8.68,+0.84,위,0.00,always,1.000
낙일,보스,std,YJ-S06,숨을 죽이다 방어도 12 실전,56,0.525,0.547,+2.2,0.525,+2.2,5.42,+0.41,안,0.00,sense>=1&&hp_ratio<0.7,0.621
