무기,적,틀,ID,변형,기준,승률,Δpp(틀 기준),빈카드 승률(같은 빛),Δ효과,사용/판,Δ효과÷사용,대역(Δ효과 ±5),은신 켜짐
백우,보스,std,YJ-B03,장부 표식 10,0.497,0.540,+4.3,0.497,+4.3,8.98,+0.47,안,0.00
백우,보스,std,YJ-B03,장부 표식 20,0.497,0.535,+3.8,0.497,+3.8,9.09,+0.41,안,0.00
백우,보스,std,YJ-B03,장부 표식 30,0.497,0.527,+3.0,0.497,+3.0,9.06,+0.33,안,0.00
백우,보스,std,YJ-B06,확인사살 바 5,0.497,0.357,-14.0,0.380,-2.3,5.99,-0.38,안,0.00
백우,보스,std,YJ-B06,확인사살 바 10,0.497,0.372,-12.5,0.380,-0.8,6.06,-0.12,안,0.00
백우,보스,std,YJ-B06,확인사살 바 20,0.497,0.362,-13.5,0.380,-1.8,6.06,-0.29,안,0.00
백우,보스,std,YJ-B02,숨고르기 감 1,0.497,0.000,-49.8,0.000,+0.0,3.12,+0.00,안,0.00
백우,보스,std,YJ-B02,숨고르기 감 2,0.497,0.000,-49.8,0.000,+0.0,3.26,+0.00,안,0.00
백우,보스,std,YJ-B02,숨고르기 감 3,0.497,0.000,-49.8,0.000,+0.0,3.24,+0.00,안,0.00
적설,보스,std,YJ-B03,장부 표식 10,0.485,0.490,+0.5,0.485,+0.5,8.66,+0.06,안,0.00
적설,보스,std,YJ-B03,장부 표식 20,0.485,0.490,+0.5,0.485,+0.5,8.66,+0.06,안,0.00
적설,보스,std,YJ-B03,장부 표식 30,0.485,0.490,+0.5,0.485,+0.5,8.66,+0.06,안,0.00
적설,보스,std,YJ-B06,확인사살 바 5,0.485,0.333,-15.2,0.325,+0.8,5.20,+0.14,안,0.00
적설,보스,std,YJ-B06,확인사살 바 10,0.485,0.297,-18.8,0.325,-2.8,5.00,-0.55,안,0.00
적설,보스,std,YJ-B06,확인사살 바 20,0.485,0.292,-19.2,0.325,-3.3,4.94,-0.66,안,0.00
적설,보스,std,YJ-B02,숨고르기 감 1,0.485,0.000,-48.5,0.000,+0.0,2.05,+0.00,안,0.00
적설,보스,std,YJ-B02,숨고르기 감 2,0.485,0.000,-48.5,0.000,+0.0,2.05,+0.00,안,0.00
적설,보스,std,YJ-B02,숨고르기 감 3,0.485,0.000,-48.5,0.000,+0.0,2.05,+0.00,안,0.00
낙일,보스,std,YJ-B03,장부 표식 10,0.570,0.532,-3.7,0.570,-3.7,11.43,-0.33,안,0.00
낙일,보스,std,YJ-B03,장부 표식 20,0.570,0.532,-3.7,0.570,-3.7,11.43,-0.33,안,0.00
낙일,보스,std,YJ-B03,장부 표식 30,0.570,0.532,-3.7,0.570,-3.7,11.43,-0.33,안,0.00
낙일,보스,std,YJ-B06,확인사살 바 5,0.570,0.030,-54.0,0.030,+0.0,1.78,+0.00,안,0.00
낙일,보스,std,YJ-B06,확인사살 바 10,0.570,0.037,-53.2,0.030,+0.8,1.83,+0.41,안,0.00
낙일,보스,std,YJ-B06,확인사살 바 20,0.570,0.045,-52.5,0.030,+1.5,1.93,+0.78,안,0.00
낙일,보스,std,YJ-B02,숨고르기 감 1,0.570,0.003,-56.8,0.003,+0.0,0.23,+0.00,안,0.00
낙일,보스,std,YJ-B02,숨고르기 감 2,0.570,0.003,-56.8,0.003,+0.0,0.23,+0.00,안,0.00
낙일,보스,std,YJ-B02,숨고르기 감 3,0.570,0.003,-56.8,0.003,+0.0,0.23,+0.00,안,0.00
백우,보스,std,YJ-B05,정조준 3/1/4,0.497,0.370,-12.8,0.380,-1.0,6.13,-0.16,안,0.00
백우,보스,std,YJ-B05,정조준 6/1/8,0.497,0.388,-11.0,0.380,+0.8,6.22,+0.12,안,0.00
백우,보스,std,YJ-B05,정조준 12/2/16,0.497,0.365,-13.2,0.380,-1.5,6.14,-0.24,안,0.00
백우,보스,std,YJ-B08,믿는구석 감 1/1,0.497,0.517,+2.0,0.380,+13.7,6.14,+2.24,위,0.00
백우,보스,std,YJ-B08,믿는구석 감 2/1,0.497,0.352,-14.5,0.380,-2.8,6.08,-0.45,안,0.00
백우,보스,std,YJ-B08,믿는구석 감 3/2,0.497,0.417,-8.0,0.380,+3.7,6.18,+0.61,안,0.00
백우,보스,std,YJ-B09,현상수배 1,0.497,0.005,-49.2,0.000,+0.5,6.33,+0.08,안,0.00
백우,보스,std,YJ-B09,현상수배 2,0.497,0.007,-49.0,0.000,+0.8,6.62,+0.11,안,0.00
백우,보스,std,YJ-B09,현상수배 3,0.497,0.013,-48.5,0.000,+1.2,6.79,+0.18,안,0.00
적설,보스,std,YJ-B05,정조준 3/1/4,0.485,0.430,-5.5,0.325,+10.5,5.18,+2.03,위,0.00
적설,보스,std,YJ-B05,정조준 6/1/8,0.485,0.430,-5.5,0.325,+10.5,5.18,+2.03,위,0.00
적설,보스,std,YJ-B05,정조준 12/2/16,0.485,0.545,+6.0,0.325,+22.0,5.31,+4.14,위,0.00
적설,보스,std,YJ-B08,믿는구석 감 1/1,0.485,0.708,+22.3,0.325,+38.2,5.27,+7.25,위,0.00
적설,보스,std,YJ-B08,믿는구석 감 2/1,0.485,0.708,+22.3,0.325,+38.2,5.27,+7.25,위,0.00
적설,보스,std,YJ-B08,믿는구석 감 3/2,0.485,0.535,+5.0,0.325,+21.0,5.08,+4.14,위,0.00
적설,보스,std,YJ-B09,현상수배 1,0.485,0.015,-47.0,0.000,+1.5,5.46,+0.27,안,0.00
적설,보스,std,YJ-B09,현상수배 2,0.485,0.030,-45.5,0.000,+3.0,5.64,+0.53,안,0.00
적설,보스,std,YJ-B09,현상수배 3,0.485,0.058,-42.8,0.000,+5.8,5.97,+0.96,위,0.00
낙일,보스,std,YJ-B05,정조준 3/1/4,0.570,0.030,-54.0,0.030,+0.0,1.78,+0.00,안,0.00
낙일,보스,std,YJ-B05,정조준 6/1/8,0.570,0.030,-54.0,0.030,+0.0,1.78,+0.00,안,0.00
낙일,보스,std,YJ-B05,정조준 12/2/16,0.570,0.043,-52.8,0.030,+1.3,1.90,+0.66,안,0.00
낙일,보스,std,YJ-B08,믿는구석 감 1/1,0.570,0.140,-43.0,0.030,+11.0,2.20,+4.99,위,0.00
낙일,보스,std,YJ-B08,믿는구석 감 2/1,0.570,0.140,-43.0,0.030,+11.0,2.20,+4.99,위,0.00
낙일,보스,std,YJ-B08,믿는구석 감 3/2,0.570,0.058,-51.2,0.030,+2.8,1.95,+1.41,안,0.00
낙일,보스,std,YJ-B09,현상수배 1,0.570,0.010,-56.0,0.010,+0.0,1.62,+0.00,안,0.00
낙일,보스,std,YJ-B09,현상수배 2,0.570,0.010,-56.0,0.010,+0.0,1.62,+0.00,안,0.00
낙일,보스,std,YJ-B09,현상수배 3,0.570,0.010,-56.0,0.010,+0.0,1.62,+0.00,안,0.00
백우,보스,std,YJ-D11,폭발덫 스택당 0,0.497,0.590,+9.2,0.590,+0.0,8.92,+0.00,안,0.00
백우,보스,std,YJ-D11,폭발덫 스택당 8,0.497,0.662,+16.5,0.590,+7.3,8.44,+0.86,위,0.00
백우,보스,std,YJ-D11,폭발덫 스택당 16,0.497,0.762,+26.5,0.590,+17.2,7.97,+2.17,위,0.00
백우,보스,std,YJ-D11,폭발덫 스택당 24,0.497,0.810,+31.3,0.590,+22.0,7.49,+2.94,위,0.00
백우,보스,std,YJ-D16,끝장 감당 풀 0,0.497,0.500,+0.3,0.367,+13.2,5.21,+2.55,위,0.00
백우,보스,std,YJ-D16,끝장 감당 풀 4,0.497,0.562,+6.5,0.367,+19.5,5.26,+3.70,위,0.00
백우,보스,std,YJ-D16,끝장 감당 풀 8,0.497,0.603,+10.5,0.367,+23.5,5.10,+4.61,위,0.00
백우,보스,std,YJ-D16,끝장 감당 풀 12,0.497,0.603,+10.5,0.367,+23.5,4.83,+4.86,위,0.00
적설,보스,std,YJ-D11,폭발덫 스택당 0,0.485,0.092,-39.2,0.092,+0.0,7.29,+0.00,안,0.00
적설,보스,std,YJ-D11,폭발덫 스택당 8,0.485,0.237,-24.8,0.092,+14.5,7.45,+1.95,위,0.00
적설,보스,std,YJ-D11,폭발덫 스택당 16,0.485,0.328,-15.7,0.092,+23.5,7.16,+3.28,위,0.00
적설,보스,std,YJ-D11,폭발덫 스택당 24,0.485,0.427,-5.8,0.092,+33.5,6.93,+4.83,위,0.00
적설,보스,std,YJ-D16,끝장 감당 풀 0,0.485,0.125,-36.0,0.025,+10.0,3.23,+3.10,위,0.00
적설,보스,std,YJ-D16,끝장 감당 풀 4,0.485,0.165,-32.0,0.025,+14.0,3.21,+4.37,위,0.00
적설,보스,std,YJ-D16,끝장 감당 풀 8,0.485,0.180,-30.5,0.025,+15.5,3.05,+5.09,위,0.00
적설,보스,std,YJ-D16,끝장 감당 풀 12,0.485,0.268,-21.7,0.025,+24.3,3.13,+7.75,위,0.00
낙일,보스,std,YJ-D11,폭발덫 스택당 0,0.570,0.570,+0.0,0.570,+0.0,9.60,+0.00,안,0.00
낙일,보스,std,YJ-D11,폭발덫 스택당 8,0.570,0.568,-0.2,0.570,-0.2,9.52,-0.03,안,0.00
낙일,보스,std,YJ-D11,폭발덫 스택당 16,0.570,0.520,-5.0,0.570,-5.0,9.32,-0.54,안,0.00
낙일,보스,std,YJ-D11,폭발덫 스택당 24,0.570,0.520,-5.0,0.570,-5.0,9.32,-0.54,안,0.00
낙일,보스,std,YJ-D16,끝장 감당 풀 0,0.570,0.535,-3.5,0.593,-5.8,2.79,-2.06,아래,0.00
낙일,보스,std,YJ-D16,끝장 감당 풀 4,0.570,0.600,+3.0,0.593,+0.7,2.90,+0.26,안,0.00
낙일,보스,std,YJ-D16,끝장 감당 풀 8,0.570,0.550,-2.0,0.593,-4.2,2.69,-1.58,안,0.00
낙일,보스,std,YJ-D16,끝장 감당 풀 12,0.570,0.578,+0.8,0.593,-1.5,2.69,-0.56,안,0.00
