무기,적,틀,ID,변형,보정체력,기준,승률,Δpp(틀 기준),빈카드 승률(같은 빛),Δ효과,사용/판,Δ효과÷사용,대역(Δ효과 ±5),은신 켜짐
백우,보스,std,YJ-D16,끝장 묶음당 위력 1,63,0.620,0.763,+14.3,0.520,+24.3,4.86,+5.00,위,0.00
백우,보스,std,YJ-D16,끝장 묶음당 위력 2,63,0.620,0.798,+17.8,0.520,+27.8,4.82,+5.77,위,0.00
백우,보스,std,YJ-D16,끝장 묶음당 위력 3,63,0.620,0.845,+22.5,0.520,+32.5,4.82,+6.74,위,0.00
적설,보스,std,YJ-D16,끝장 묶음당 위력 1,29,0.964,0.660,-30.4,0.518,+14.2,2.69,+5.29,위,0.00
적설,보스,std,YJ-D16,끝장 묶음당 위력 2,29,0.964,0.730,-23.4,0.518,+21.2,2.74,+7.74,위,0.00
적설,보스,std,YJ-D16,끝장 묶음당 위력 3,29,0.964,0.762,-20.2,0.518,+24.4,2.79,+8.76,위,0.00
낙일,보스,std,YJ-D16,끝장 묶음당 위력 1,56,0.535,0.609,+7.4,0.531,+7.8,3.05,+2.56,위,0.00
낙일,보스,std,YJ-D16,끝장 묶음당 위력 2,56,0.535,0.644,+10.9,0.531,+11.3,3.13,+3.61,위,0.00
낙일,보스,std,YJ-D16,끝장 묶음당 위력 3,56,0.535,0.668,+13.3,0.531,+13.7,3.11,+4.40,위,0.00
백우,보스,std,YJ-B10,은신부여 1,37,0.996,0.499,-49.7,0.526,-2.7,10.52,-0.26,안,0.00
백우,보스,std,YJ-B10,은신부여 2,37,0.996,0.531,-46.5,0.526,+0.5,10.48,+0.05,안,0.00
백우,보스,std,YJ-B10,은신부여 3,37,0.996,0.545,-45.1,0.526,+1.9,10.41,+0.18,안,0.00
백우,보스,std,YJ-D17,은신부여결투 1,74,0.476,0.591,+11.5,0.479,+11.2,9.44,+1.19,위,0.00
백우,보스,std,YJ-D17,은신부여결투 2,74,0.476,0.609,+13.3,0.479,+13.0,9.43,+1.38,위,0.00
백우,보스,std,YJ-D17,은신부여결투 3,74,0.476,0.655,+17.9,0.479,+17.6,9.55,+1.84,위,0.00
적설,보스,std,YJ-B10,은신부여 1,28,0.968,0.515,-45.3,0.496,+1.9,10.34,+0.18,안,0.00
적설,보스,std,YJ-B10,은신부여 2,28,0.968,0.512,-45.6,0.496,+1.6,10.28,+0.16,안,0.00
적설,보스,std,YJ-B10,은신부여 3,28,0.968,0.516,-45.2,0.496,+2.0,10.31,+0.19,안,0.00
적설,보스,std,YJ-D17,은신부여결투 1,51,0.451,0.477,+2.6,0.468,+0.9,8.40,+0.11,안,0.00
적설,보스,std,YJ-D17,은신부여결투 2,51,0.451,0.448,-0.3,0.468,-2.0,8.52,-0.23,안,0.00
적설,보스,std,YJ-D17,은신부여결투 3,51,0.451,0.488,+3.7,0.468,+2.0,8.42,+0.24,안,0.00
낙일,보스,std,YJ-B10,은신부여 1,14,0.956,0.509,-44.7,0.514,-0.5,11.12,-0.04,안,0.00
낙일,보스,std,YJ-B10,은신부여 2,14,0.956,0.516,-44.0,0.514,+0.2,10.99,+0.02,안,0.00
낙일,보스,std,YJ-B10,은신부여 3,14,0.956,0.517,-43.9,0.514,+0.3,10.95,+0.03,안,0.00
낙일,보스,std,YJ-D17,은신부여결투 1,56,0.535,0.538,+0.3,0.535,+0.3,6.92,+0.04,안,0.00
낙일,보스,std,YJ-D17,은신부여결투 2,56,0.535,0.549,+1.4,0.535,+1.4,7.01,+0.20,안,0.00
낙일,보스,std,YJ-D17,은신부여결투 3,56,0.535,0.544,+0.9,0.535,+0.9,6.97,+0.13,안,0.00
백우,보스,stealth,YJ-B11,은신보상 표식 3,81,0.497,0.381,-11.6,0.497,-11.6,9.53,-1.22,아래,0.64
백우,보스,stealth,YJ-B11,은신보상 표식 6,81,0.497,0.359,-13.8,0.497,-13.8,9.50,-1.45,아래,0.63
백우,보스,stealth,YJ-B11,은신보상 표식 12,81,0.497,0.397,-10.0,0.497,-10.0,9.57,-1.05,아래,0.63
백우,보스,stealth,YJ-D18,은신보상 피해 1,84,0.446,0.360,-8.6,0.479,-11.9,9.57,-1.24,아래,0.86
백우,보스,stealth,YJ-D18,은신보상 피해 2,84,0.446,0.408,-3.8,0.479,-7.1,9.49,-0.75,아래,0.86
백우,보스,stealth,YJ-D18,은신보상 피해 3,84,0.446,0.449,+0.3,0.479,-3.0,9.41,-0.32,안,0.86
적설,보스,stealth,YJ-B11,은신보상 표식 3,50,0.474,0.444,-3.0,0.474,-3.0,8.65,-0.35,안,0.69
적설,보스,stealth,YJ-B11,은신보상 표식 6,50,0.474,0.479,+0.5,0.474,+0.5,8.58,+0.06,안,0.69
적설,보스,stealth,YJ-B11,은신보상 표식 12,50,0.474,0.482,+0.8,0.474,+0.8,8.62,+0.09,안,0.69
적설,보스,stealth,YJ-D18,은신보상 피해 1,34,0.916,0.517,-39.9,0.478,+3.9,6.99,+0.56,안,0.82
적설,보스,stealth,YJ-D18,은신보상 피해 2,34,0.916,0.541,-37.5,0.478,+6.3,6.95,+0.91,위,0.81
적설,보스,stealth,YJ-D18,은신보상 피해 3,34,0.916,0.564,-35.2,0.478,+8.6,6.85,+1.26,위,0.81
낙일,보스,stealth,YJ-B11,은신보상 표식 3,45,0.513,0.483,-3.0,0.513,-3.0,8.79,-0.34,안,0.54
낙일,보스,stealth,YJ-B11,은신보상 표식 6,45,0.513,0.483,-3.0,0.513,-3.0,8.79,-0.34,안,0.54
낙일,보스,stealth,YJ-B11,은신보상 표식 12,45,0.513,0.483,-3.0,0.513,-3.0,8.79,-0.34,안,0.54
낙일,보스,stealth,YJ-D18,은신보상 피해 1,45,0.513,0.528,+1.5,0.531,-0.3,8.71,-0.03,안,0.67
낙일,보스,stealth,YJ-D18,은신보상 피해 2,45,0.513,0.553,+4.0,0.531,+2.2,8.80,+0.25,안,0.67
낙일,보스,stealth,YJ-D18,은신보상 피해 3,45,0.513,0.539,+2.6,0.531,+0.8,8.70,+0.09,안,0.68
